school_name,unique_id,date,sentences,roberta_compound,place,latitude,longitude,revised_place,revised_latitude,revised_longitude,place_type,false_positive,checked_by
ODU,ODU_20,2024-10-10 19:58:32,Northern Lights at odu right now,0.004979478195309639,Northern Lights Hotel,59.9166,30.25,,,,,,
ODU,ODU_26,2024-10-10 20:29:40,Been in VA 31 years and this year is the first time I've seen it happen!,0.10587453842163086,Virginia,37.54812,-77.44675,,,,,,
ODU,ODU_31,2024-10-11 01:14:32,The CME is moving at a speed estimate of 1200-1300 Km/S and reached Earth roughly mid-day today (Source: NOAA Space Weather Prediction Center).,0.0026834632735699415,Earth,0.0,0.0,,,,,,
ODU,ODU_33,2024-10-10 21:36:30,"Nope, I saw them up here in Manassas, well I should say my phone saw them.",-0.03648313507437706,City of Manassas,38.75095,-77.47527,,,,,,
ODU,ODU_36,2024-10-10 21:38:42,Isn’t this literally the worst time to be in Tampa?,-0.8225570321083069,Tampa,27.94752,-82.45843,,,,,,
ODU,ODU_71,2023-04-27 06:46:41,He’s shown next to zero interest in doing anything related to Virginia and is using the office as a hub from which to continually jet set around the country campaigning for bigger office.,-0.5137486457824707,Virginia,37.54812,-77.44675,,,,,,
ODU,ODU_73,2023-04-27 06:46:41,Surprised he can find Richmond on a map.,0.6233205199241638,Richmond,37.55376,-77.46026,,,,,,
ODU,ODU_143,2025-04-20 19:11:08,He has been exploring and walking around as of recent and went to Lambert park.,0.403057724237442,Lambert Park,34.08556,-118.01896,,,,,,
ODU,ODU_149,2025-04-20 19:11:08,"When I look up follow the white rabbit Norfolk, Virginia or music, nothing shows up.",-0.2343306988477707,Norfolk,36.84681,-76.28522,,,,,,
ODU,ODU_149,2025-04-20 19:11:08,"When I look up follow the white rabbit Norfolk, Virginia or music, nothing shows up.",-0.2343306988477707,Virginia,37.54812,-77.44675,,,,,,
ODU,ODU_153,2025-04-21 00:23:36,Unrelated but I’m a student here at ODU & I worked the last shift at Lambert’s Point before the golf course shut down.,-0.020508602261543274,Lamberts Point,36.87543,-76.32744,,,,,,
ODU,ODU_161,2025-04-21 13:48:46,"Thanks for noticing my graffiti work :) I'm all thru the 757 area, look for my rabbit!",0.91851407289505,Interchange 757,29.78419,-95.544,,,,,,
ODU,ODU_163,2025-04-21 16:07:11,I've seen that sticker everywhere in Norfolk,-0.012266756035387516,Territory of Norfolk Island,-29.03333,167.95,,,,,,
ODU,ODU_189,2025-04-22 18:58:55,"Unfortunately I don’t live in Virginia, my friend found this and hasn’t visited recently",-0.7504028081893921,Virginia,37.54812,-77.44675,,,,,,
ODU,ODU_236,2025-10-01 17:41:24,"Well im fucked then, I chose ODU cause of ODUGlobal and took 3 classes cause I work 40hrs, and seeing as there arnt many online only programs for bachelor's degrees in Virginia, im just fucked.",-0.8123798370361328,Virginia,37.54812,-77.44675,,,,,,
ODU,ODU_381,2024-01-04 13:23:08,Hampton Roads internships be like,-0.009370069019496441,Hampton Roads,36.97515,-76.34967,,,,,,
ODU,ODU_393,2021-10-14 13:01:35,Oh how cool it would be to get from the quad to Canes in 4 minutes,0.9333454370498657,Cannes,43.55135,7.01275,,,,,,
ODU,ODU_395,2021-10-14 21:08:23,They need to just turn it into a walkway so we can just walk over hampton blvd,0.03667249530553818,Hampton Stes Jax-Southside Blvd,30.2653,-81.558,,,,,,
ODU,ODU_401,2021-10-14 19:14:01,On my speed unlocked one I could get from Rogers to whitehurst in 3min flat.,0.179784893989563,Rogers County,36.37157,-95.60436,,,,,,
ODU,ODU_401,2021-10-14 19:14:01,On my speed unlocked one I could get from Rogers to whitehurst in 3min flat.,0.179784893989563,Whitehurst,53.00451,-2.03864,,,,,,
ODU,ODU_502,2025-02-26 23:16:51,"i feel guilty admitting this-i’m safe 4 hours away in radford, but i have a close friend who goes to ODU and i’m from the norfolk area as well.",-0.06177930906414986,Radford,52.19234,-1.98963,,,,,,
ODU,ODU_502,2025-02-26 23:16:51,"i feel guilty admitting this-i’m safe 4 hours away in radford, but i have a close friend who goes to ODU and i’m from the norfolk area as well.",-0.06177930906414986,Territory of Norfolk Island,-29.03333,167.95,,,,,,
ODU,ODU_559,2024-03-03 09:36:32,"It's great for continuing your ODU degrees from another state when you discover you need two more years to get into a particular medical field on the west coast That said, it still feels shitty.",-0.11306174099445343,The West Coast,40.73889,-74.00889,,,,,,
ODU,ODU_563,2024-03-03 09:37:14,Lol you could on west coast salaries like me,0.1120745912194252,West Coast,39.28,-155.26,,,,,,
ODU,ODU_572,2021-11-17 10:06:49,What’s worse is the types of organizations trying to piggy back off this like turning point USA,-0.7273761630058289,United States,39.76,-98.5,,,,,,
ODU,ODU_655,2023-05-03 21:51:47,"However, he is the governor and it’s really no different than any of the other morally questionable Va governors that have given Commencement speeches over the years.",-0.5866361856460571,Virginia,37.54812,-77.44675,,,,,,
ODU,ODU_689,2023-05-08 11:02:55,"i’ll put it in simpler terms for you: in a country with abysmally low voter turnout, you are in opposition to America’s core values if you can’t even handle a couple of silent protestors.",-0.6425307989120483,United States,39.76,-98.5,,,,,,
ODU,ODU_705,2025-10-29 10:36:40,"Artist threading Filipino culture and local history into a mural near ODU Filipino muralist Venazir Martinez is painting a new mural near Old Dominion University’s Chartway Arena, blending Norfolk history with Filipino heritage through her signature “red thread” — a scarlet line that links all her murals worldwide.",0.021179907023906708,Ted Constant Convocation Center,36.88417,-76.30167,,,,,,
ODU,ODU_705,2025-10-29 10:36:40,"Artist threading Filipino culture and local history into a mural near ODU Filipino muralist Venazir Martinez is painting a new mural near Old Dominion University’s Chartway Arena, blending Norfolk history with Filipino heritage through her signature “red thread” — a scarlet line that links all her murals worldwide.",0.021179907023906708,Territory of Norfolk Island,-29.03333,167.95,,,,,,
ODU,ODU_717,2024-09-11 16:07:06,Norfolk fucking sucks.,-0.9595390558242798,Territory of Norfolk Island,-29.03333,167.95,,,,,,
ODU,ODU_730,2024-09-11 16:32:21,First 2 dorm robberies then someone with a gun in Webb is crazy.,-0.7381594181060791,Webb,27.79251,-99.42281,,,,,,
ODU,ODU_740,2024-09-11 20:34:18,"I’m close, like walking distance <15mins, already had my car broken into in the last couple months as well but that’s just Norfolk charm I guess.",-0.17349353432655334,Territory of Norfolk Island,-29.03333,167.95,,,,,,
ODU,ODU_745,2024-09-11 20:36:10,Ireland loves to just whoever the fuck in and the student housing on I think 39th/40th is a JOKE.,-0.9017146229743958,Ireland,53.0,-8.0,,,,,,
ODU,ODU_758,2024-09-11 18:24:55,the ones in owen are im not sure about the others,-0.004841681569814682,Lyman,41.32745,-110.29293,,,,,,
ODU,ODU_796,2020-05-02 09:13:57,Spotted this plate at a rest stop on I-95 in VA. Stay Dirty Ol Dirty.,-0.2432302087545395,Foglietta Plaza,39.94478,-75.14307,,,,,,
ODU,ODU_796,2020-05-02 09:13:57,Spotted this plate at a rest stop on I-95 in VA. Stay Dirty Ol Dirty.,-0.2432302087545395,Virginia,37.54812,-77.44675,,,,,,
ODU,ODU_808,2025-10-02 11:58:11,"There are also in-person forums on Monday at 12:30 and 4pm in the Student Senate Chambers in Webb, for campus students.",0.0028413154650479555,Webb,27.79251,-99.42281,,,,,,
ODU,ODU_816,2023-11-13 19:12:54,"Have no affiliation with the university, but this is my favorite sweatshirt Michigan resident and Michigan State fan here, but I whenever I travel I like to buy merch from other University bookstores if I happen to be close enough to make the trip.",0.7582017183303833,Michigan,44.25029,-85.50033,,,,,,
ODU,ODU_817,2023-11-13 19:12:54,"I bought this two years ago when I drove to Hampton for a concert, and it is definitely my favorite sweatshirt.",0.9563868641853333,Hampton,40.70704,-74.956,,,,,,
ODU,ODU_818,2023-11-13 19:12:54,"I wear it at least once or twice a week in the cold months (which, up here in Michigan, is about half the year lol).",0.10655485838651657,Michigan,44.25029,-85.50033,,,,,,
ODU,ODU_821,2023-11-13 19:12:54,"(also, if y'all could go ahead and beat James Madison this year, our basketball team would greatly appreciate it...)",0.870155930519104,James Madison Park,43.08055,-89.38429,,,,,,
ODU,ODU_824,2023-11-13 23:53:01,Appreciate the love from Michigan.,0.9542442560195923,Michigan,44.25029,-85.50033,,,,,,
ODU,ODU_890,2022-01-09 19:02:36,theyre doing covid tests for free on campus in jarrett annex behind virginia their information is horrid though.,-0.6779559850692749,Virginia,37.54812,-77.44675,,,,,,
ODU,ODU_928,2020-03-23 00:02:29,"So i had an idea Lets rebuild the ODU area (43rd street to 49th street and hampton boulevard to whitehurst) from the ground up, in minecraft.",0.09020521491765976,Odu,7.3533,4.63459,,,,,,
ODU,ODU_928,2020-03-23 00:02:29,"So i had an idea Lets rebuild the ODU area (43rd street to 49th street and hampton boulevard to whitehurst) from the ground up, in minecraft.",0.09020521491765976,Church of Christ 43rd Street,27.50726,-82.57343,,,,,,
ODU,ODU_928,2020-03-23 00:02:29,"So i had an idea Lets rebuild the ODU area (43rd street to 49th street and hampton boulevard to whitehurst) from the ground up, in minecraft.",0.09020521491765976,49th Street Station,39.9434,-75.2171,,,,,,
ODU,ODU_928,2020-03-23 00:02:29,"So i had an idea Lets rebuild the ODU area (43rd street to 49th street and hampton boulevard to whitehurst) from the ground up, in minecraft.",0.09020521491765976,Hampton Boulevard Bridge,36.90626,-76.30494,,,,,,
ODU,ODU_928,2020-03-23 00:02:29,"So i had an idea Lets rebuild the ODU area (43rd street to 49th street and hampton boulevard to whitehurst) from the ground up, in minecraft.",0.09020521491765976,Whitehurst,39.08261,-76.52663,,,,,,
ODU,ODU_933,2020-03-23 09:39:10,The Library was built in Minecraft back around 2011.,0.15573042631149292,Weis Library,42.04839,-80.16978,,,,,,
ODU,ODU_948,2024-09-14 16:22:06,It would be deeply funny if Tech leaves Norfolk with a 0-3 record here.,0.025853348895907402,Norfolk,42.03417,-97.41339,,,,,,
ODU,ODU_954,2024-09-16 11:04:47,I believe they were Lime Scooters which I was ok with since Norfolk is continuously littered with them,0.21541336178779602,Territory of Norfolk Island,-29.03333,167.95,,,,,,
ODU,ODU_964,2024-02-24 22:30:17,There's a furry rave at 37th and zen going on rn,0.02287403866648674,37th Street Station,39.9514,-75.1975,,,,,,
ODU,ODU_964,2024-02-24 22:30:17,There's a furry rave at 37th and zen going on rn,0.02287403866648674,Toceno,46.14468,8.46902,,,,,,
ODU,ODU_990,2020-02-24 17:35:44,I am a Norfolk taxpayer and student so I am getting double shafted already on this \*\*public school's\*\* funding.,-0.9197590947151184,Norfolk,42.03417,-97.41339,,,,,,
ODU,ODU_991,2020-02-24 17:35:44,"What is even crazier is being a Norfolk resident I went ahead and checked and sure enough, they are charging higher than the city in which the university resides!!!",-0.6266773343086243,Norfolk,42.03417,-97.41339,,,,,,
ODU,ODU_997,2020-02-24 17:35:44,**ODU is in Norfolk charge like it!,0.08887525647878647,Territory of Norfolk Island,-29.03333,167.95,,,,,,
ODU,ODU_1002,2020-02-24 19:12:57,"What's also fucked, the parking garage on 43rd and elkhorn is metered, but it's free to park there on the weekends.",-0.6157422661781311,43rd Avenue East,15.58694,32.51311,,,,,,
ODU,ODU_1002,2020-02-24 19:12:57,"What's also fucked, the parking garage on 43rd and elkhorn is metered, but it's free to park there on the weekends.",-0.6157422661781311,Elkhorn,40.22201,-79.96366,,,,,,
ODU,ODU_1027,2022-09-07 10:39:50,Well if norfolk wasn't a blue city and was red something would probably be done about this.,-0.06194734573364258,Territory of Norfolk Island,-29.03333,167.95,,,,,,
ODU,ODU_1052,2020-02-24 23:48:26,"Leading to school lots not being used at all, and Norfolk residents not being able to park.",-0.653070867061615,Norfolk,42.03417,-97.41339,,,,,,
ODU,ODU_1090,2025-02-28 11:40:07,"people in brod, the music building, etc could definitely be in so much risk if it were a different kind of shooting.",-0.6630846261978149,Makedonski Brod,41.51328,21.21641,,,,,,
ODU,ODU_1108,2025-02-28 09:16:58,Norfolk sucks!!!!,-0.9491361975669861,Norfolk,42.03417,-97.41339,,,,,,
ODU,ODU_1163,2021-05-09 11:35:46,Do you live in VA?,-0.004511211067438126,Virginia,37.54812,-77.44675,,,,,,
ODU,ODU_1165,2021-05-09 11:35:46,cause I know tuition rates change if you live outside VA,-0.06548156589269638,Virginia,37.54812,-77.44675,,,,,,
ODU,ODU_1168,2021-05-09 11:49:23,I live in VA,-0.003222620813176036,Virginia,37.54812,-77.44675,,,,,,
ODU,ODU_1203,2025-08-12 13:45:39,"it’s right off killam so that’s always an issue and the local neighborhood surrounds the building so you get a lot more locals, which can be hit or miss.",-0.1634797751903534,Killam,52.79458,-111.85201,,,,,,
ODU,ODU_1236,2024-12-30 19:25:55,"Yeah, they took it down, except for the part that goes over Hampton",-0.25436943769454956,Hampton,40.70704,-74.956,,,,,,
ODU,ODU_1272,2020-02-18 21:39:55,I used to walk over with my hallmates from Whitehurst to Rogers for this exact reason.,0.0007193295750766993,Whitehurst,53.00451,-2.03864,,,,,,
ODU,ODU_1272,2020-02-18 21:39:55,I used to walk over with my hallmates from Whitehurst to Rogers for this exact reason.,0.0007193295750766993,Rogers County,36.37157,-95.60436,,,,,,
ODU,ODU_1280,2019-02-09 18:37:09,Beware of Sarper as a MechE his classes were always quite dull and you only talked about Mars.,-0.7763769626617432,Mars,54.5121,45.6883,,,,,,
ODU,ODU_1429,2025-05-05 10:32:20,"Make your 5 calls to your state reps, congress, governors office, and articulate what/who is suffering due to these programs being rolled back in ways that they can’t deny impact’s Virginia.",-0.25844958424568176,Virginia,37.54812,-77.44675,,,,,,
ODU,ODU_1445,2025-05-06 06:08:06,Virginia is a swing state currently under an avid Trump supporting Republican governor in Glen Youngkin.,0.03103894554078579,Virginia,37.54812,-77.44675,,,,,,
ODU,ODU_1450,2022-10-27 21:05:02,Why it's the Monorail!,0.11126186698675156,Disneyland Monorail - Disneyland,33.81283,-117.91674,,,,,,
ODU,ODU_1475,2023-04-03 14:16:05,Do you support turning the remaining Monorail into a university wide art project?,0.008541987277567387,Disneyland Monorail - Disneyland,33.81283,-117.91674,,,,,,
ODU,ODU_1492,2023-09-20 12:50:40,"Car fire Bluestone and 43rd Smoke quickly spread, fire dept is here",-0.03103472664952278,Bluestone,40.15424,-79.21142,,,,,,
ODU,ODU_1492,2023-09-20 12:50:40,"Car fire Bluestone and 43rd Smoke quickly spread, fire dept is here",-0.03103472664952278,43rd Avenue East,15.58694,32.51311,,,,,,
ODU,ODU_1591,2024-12-27 21:11:55,We modeled the bridge that sits in the hallway in Kaufman using Patran/Nastran and compared our deflection and stress measurements with the model for our final project.,0.004833023063838482,Kaufman,38.86255,-89.77732,,,,,,
ODU,ODU_1608,2024-03-27 22:18:18,Birbs in Brod~ Brod's getting pretty wild riggt now.,0.3317539095878601,Pašin Brod,45.07797,15.98497,,,,,,
ODU,ODU_1656,2022-03-02 11:36:46,Damn you pay nearly double what I pay here in Powhatan and the only trouble I have is the bathroom being wet all over after a shower.,-0.8917409181594849,Powhatan,37.54209,-77.91889,,,,,,
ODU,ODU_1689,2025-10-10 02:16:54,since most cars in virginia only have a plate on the back if you're backed in their little car can't see it when they drive by to scan everyone.,-0.1107441633939743,Virginia,37.54812,-77.44675,,,,,,
ODU,ODU_1691,2025-10-10 02:16:54,honestly sometimes it's easier to just find a cheap driveway to park in around norfolk on prked than deal with the campus garages.,0.021106701344251633,Norfolk,42.03417,-97.41339,,,,,,
ODU,ODU_1693,2025-10-11 10:39:19,The law in Virginia is a plate on the front and back?,-0.06076645478606224,Virginia,37.54812,-77.44675,,,,,,
ODU,ODU_1713,2021-09-25 15:04:18,attention all perry library users **face coverings are required in all perry libary spaces** **The nose and mouth must be fully covered** **thank you for your cooperation**,0.16315217316150665,Perry County,40.39841,-77.2623,,,,,,
ODU,ODU_1716,2021-09-25 20:44:42,"I work for ODU libraries (not Perry, one of the branch libraries) and yes you can have food in the libraries again.",0.27255576848983765,Perry County,39.73715,-82.23614,,,,,,
ODU,ODU_1725,2021-09-04 15:21:30,someone cut 2 bike locks at powhatan...,-0.12753283977508545,Powhatan,37.54209,-77.91889,,,,,,
ODU,ODU_1743,2021-09-02 18:29:22,Does anyone else enjoys how lightning looks in this part of the U.S.?,-0.040019888430833817,United States,39.76,-98.5,,,,,,
ODU,ODU_1765,2015-04-23 09:46:33,I designed and 3D printed a scale model of Foreman Field,0.010579120367765427,Foreman Field,36.88889,-76.305,,,,,,
ODU,ODU_1781,2025-10-30 14:06:29,He’s a well known cat on campus father to many little black and calico kittens on campus they all hangout in the lamberts point parking lot,0.05108213797211647,Lamberts Point,36.87543,-76.32744,,,,,,
ODU,ODU_1785,2025-10-30 14:07:20,At least one woman comes and feeds all the campus cats once a day around the lamberts point parking lot,0.009517857804894447,Lamberts Point,36.87543,-76.32744,,,,,,
ODU,ODU_1919,2023-12-07 01:44:04,I hear great things about Chicago’s business opportunities,0.9365139603614807,Chicago,41.85003,-87.65005,,,,,,
ODU,ODU_1928,2023-12-06 21:04:26,Might sound weird but Chicago has a huge economics sector.,0.10038573294878006,Chicago,41.85003,-87.65005,,,,,,
ODU,ODU_1938,2023-03-24 07:56:06,"Since “it may be the end of the line for ODU's maglev structure”, can you make the part over Hampton Blvd.",-0.010728182271122932,Hampton Stes Jax-Southside Blvd,30.2653,-81.558,,,,,,
ODU,ODU_1939,2023-03-24 07:56:06,a bridge/walkway for students as an alternate route for crossing the Blvd?,0.00180526333861053,Hermitage Blvd,30.48722,-84.24831,,,,,,
ODU,ODU_1945,2023-03-26 23:42:34,Hemphill is for keeping the portion over Hampton Blvd.,0.011163539253175259,Hampton Stes Jax-Southside Blvd,30.2653,-81.558,,,,,,
ODU,ODU_1948,2023-03-26 23:42:34,If you want to improve the situation on Hampton Blvd I would recommend joining the Transportation Board in SGA.,0.27907508611679077,Hampton Stes Jax-Southside Blvd,30.2653,-81.558,,,,,,
ODU,ODU_1948,2023-03-26 23:42:34,If you want to improve the situation on Hampton Blvd I would recommend joining the Transportation Board in SGA.,0.27907508611679077,Sheghnan Airport,37.56667,71.5,,,,,,
ODU,ODU_1969,2020-10-09 09:03:49,"We have also identified an outbreak (defined by the Virginia Department of Health as five or more positive cases) of 14 people in the Whitehurst residence hall, which houses 389 students.",-0.02291988395154476,Whitehurst,39.08261,-76.52663,,,,,,
ODU,ODU_1972,2020-10-10 18:01:28,Saw on news a few nights ago about a small outbreak in ODU.,-0.02227523736655712,Odu,7.3533,4.63459,,,,,,
ODU,ODU_1978,2015-02-21 02:11:51,"Which is amazing, because they couldn't be bothered to plow any other street besides Hampton.",0.21564696729183197,Hampton,41.78399,-72.0548,,,,,,
ODU,ODU_1981,2014-10-29 14:38:00,Lion Fountain,0.02893397957086563,Fuente de los Leones,18.01135,-66.61434,,,,,,
ODU,ODU_2089,2025-02-08 21:41:38,But we are locals (live in Va beach) and our Daughter is a Senior who has lived in an apartment all four years right next to campus.,0.03969106450676918,Travelodge Virginia Beach Va,36.8474,-75.9747,,,,,,
ODU,ODU_2107,2025-02-08 23:03:51,"However, I can’t say the same for Norfolk.",-0.15747418999671936,Territory of Norfolk Island,-29.03333,167.95,,,,,,
ODU,ODU_2113,2025-02-08 23:03:51,Cons -The city of Norfolk itself.,-0.08273810148239136,Territory of Norfolk Island,-29.03333,167.95,,,,,,
ODU,ODU_2116,2025-02-08 23:03:51,"-Traffic, the traffic on Hampton Blvd will 100% get noisy, congested, and horrendous at times of the day, so whether she decides to commute or reside on campus that could be a consideration.",-0.6458132266998291,Hampton Stes Jax-Southside Blvd,30.2653,-81.558,,,,,,
ODU,ODU_2143,2025-02-09 02:01:00,"And most of the things to do off-campus in Norfolk (zoo, downtown, and waterfront, that kinda thing) are not walkable or easily accessed through public transportation",-0.3941909372806549,Norfolk,42.03417,-97.41339,,,,,,
ODU,ODU_2145,2025-02-08 23:08:40,My undergraduate was in Maine it was one of the least safe campuses in the country.,-0.7115926146507263,Maine,45.50032,-69.24977,,,,,,
ODU,ODU_2147,2025-02-08 23:08:40,If it’s safer than Maine it’s safe.,0.1012740433216095,Maine,45.50032,-69.24977,,,,,,
ODU,ODU_2161,2025-02-10 00:43:35,Hey I went to Tech and I would have sworn to you it was safe- who would have thought 32 people would be shot and killed there?,-0.5221638083457947,Tech,42.58935,3.04426,,,,,,
ODU,ODU_2187,2025-02-09 06:44:05,My daughters went to VT because we worried about safety.,-0.2769923806190491,Vermont,44.00034,-72.74983,,,,,,
ODU,ODU_2194,2025-02-09 09:37:56,This depends on time of day and if you mean getting to ODU from the other side of the HRBT or if you mean within Norfolk.,-0.0014664573827758431,Norfolk,42.03417,-97.41339,,,,,,
ODU,ODU_2195,2025-02-09 09:37:56,Hampton Blvd sucks due to the large semi trucks but this traffic doesn’t compare to NOVA/DC kind of traffic.,-0.8475154638290405,Hampton Stes Jax-Southside Blvd,30.2653,-81.558,,,,,,
ODU,ODU_2196,2025-02-09 10:07:13,"Violence and criminal activity is literally everywhere … each city / county has their ghetto’s and suburban areas… yes i hear gunshots sometimes but ODU police, security guards and norfolk police is just down the street from odu … Im sure your daughter will be fine , only reason she could ever get caught up with that stuff if she’s a “party girl” … like i said crime is everywhere… I’m sure any other college she chooses will be crime too , if your scared bc of that then i would suggest odu global or community college.",-0.3803740441799164,Norfolk,42.02834,-97.417,,,,,,
ODU,ODU_2196,2025-02-09 10:07:13,"Violence and criminal activity is literally everywhere … each city / county has their ghetto’s and suburban areas… yes i hear gunshots sometimes but ODU police, security guards and norfolk police is just down the street from odu … Im sure your daughter will be fine , only reason she could ever get caught up with that stuff if she’s a “party girl” … like i said crime is everywhere… I’m sure any other college she chooses will be crime too , if your scared bc of that then i would suggest odu global or community college.",-0.3803740441799164,Odu,7.3533,4.63459,,,,,,
ODU,ODU_2216,2025-02-09 14:24:53,There are also Norfolk locals who might try to run a navy federal scam on her ODU PD won’t be much help since they don’t seem to be competent in anything other than setting up students to get DUI’s.,-0.6265481114387512,Norfolk,42.03417,-97.41339,,,,,,
ODU,ODU_2218,2025-02-09 14:24:53,Only reason I went is because I don’t get any financial aid and I pay out pocket so I wanted to commute from VB.,-0.026719016954302788,Provincia Verbano-Cusio-Ossola,45.93333,8.55,,,,,,
ODU,ODU_2223,2025-02-09 20:09:12,I’m a nsu student ODU is about a 10 mintue drive from nsu the parties in the neighborhood around odu aren’t the safest since I been at nsu Mutiple nsu student gotten killed going to odu parties,-0.7129956483840942,남서울대학교 Namseoul University,36.90855,127.14278,,,,,,
ODU,ODU_2223,2025-02-09 20:09:12,I’m a nsu student ODU is about a 10 mintue drive from nsu the parties in the neighborhood around odu aren’t the safest since I been at nsu Mutiple nsu student gotten killed going to odu parties,-0.7129956483840942,남서울대학교 Namseoul University,36.90855,127.14278,,,,,,
ODU,ODU_2223,2025-02-09 20:09:12,I’m a nsu student ODU is about a 10 mintue drive from nsu the parties in the neighborhood around odu aren’t the safest since I been at nsu Mutiple nsu student gotten killed going to odu parties,-0.7129956483840942,Odu,7.3533,4.63459,,,,,,
ODU,ODU_2223,2025-02-09 20:09:12,I’m a nsu student ODU is about a 10 mintue drive from nsu the parties in the neighborhood around odu aren’t the safest since I been at nsu Mutiple nsu student gotten killed going to odu parties,-0.7129956483840942,남서울대학교 Namseoul University,36.90855,127.14278,,,,,,
ODU,ODU_2223,2025-02-09 20:09:12,I’m a nsu student ODU is about a 10 mintue drive from nsu the parties in the neighborhood around odu aren’t the safest since I been at nsu Mutiple nsu student gotten killed going to odu parties,-0.7129956483840942,Odu,7.3533,4.63459,,,,,,
ODU,ODU_2238,2025-09-05 07:21:07,"Great neighborhood on one side Larchmont, but the other direction off campus Park Place area is a bad area.",-0.1630467027425766,Larchmont,40.92788,-73.7518,,,,,,
ODU,ODU_2238,2025-09-05 07:21:07,"Great neighborhood on one side Larchmont, but the other direction off campus Park Place area is a bad area.",-0.1630467027425766,Park Place,33.98121,-84.77244,,,,,,
ODU,ODU_2241,2025-09-05 07:21:07,"It’s a shame really b/c I live in Norfolk, it does have some great neighborhoods.",-0.011804326437413692,Norfolk,42.03417,-97.41339,,,,,,
ODU,ODU_2248,2025-02-13 14:51:28,the one time i went off campus at night alone i was followed  if you want somewhere that’s known for being safe odu is not the place.,-0.17101223766803741,Odu,7.3533,4.63459,,,,,,
ODU,ODU_2260,2025-02-28 07:20:07,"""My daughters went to VT because we worried about safety. """,-0.2481316477060318,Vermont,44.00034,-72.74983,,,,,,
ODU,ODU_2267,2025-02-09 21:30:32,Agreed on all points I was a commuter living in vb and then my senior year I moved to norfolk (off campus about a 7min drive away) I took night classes walked around at 10-11pm on campus and to the parking areas and never felt unsafe.,0.2375756800174713,Provincia Verbano-Cusio-Ossola,45.93333,8.55,,,,,,
ODU,ODU_2267,2025-02-09 21:30:32,Agreed on all points I was a commuter living in vb and then my senior year I moved to norfolk (off campus about a 7min drive away) I took night classes walked around at 10-11pm on campus and to the parking areas and never felt unsafe.,0.2375756800174713,Norfolk,42.02834,-97.417,,,,,,
ODU,ODU_2274,2025-02-09 21:30:32,Downtown was a decent amount of homeless or drunk people hanging around or in front of the norva (concert venue) after shows.,-0.18726088106632233,Nørvasundet,62.47199,6.23977,,,,,,
ODU,ODU_2277,2025-02-09 21:30:32,Norfolk is a lot of fun.,0.9435413479804993,Territory of Norfolk Island,-29.03333,167.95,,,,,,
ODU,ODU_2278,2025-02-09 21:30:32,I still preferred it over virginia beach when it came to going out.,0.22712095081806183,Virginia Beach,36.85293,-75.97799,,,,,,
ODU,ODU_2285,2025-02-09 21:30:32,"Parking on 43rd by the mcdonalds was usually my best bet, even during 8ams.",0.4729200303554535,43rd Avenue East,15.58694,32.51311,,,,,,
ODU,ODU_2285,2025-02-09 21:30:32,"Parking on 43rd by the mcdonalds was usually my best bet, even during 8ams.",0.4729200303554535,Mc Donald's,33.87585,35.5189,,,,,,
ODU,ODU_2286,2025-02-09 21:30:32,Hampton blvd though during peak hours is aweful definitely leave early.,0.3122227191925049,Hampton Stes Jax-Southside Blvd,30.2653,-81.558,,,,,,
ODU,ODU_2296,2024-04-04 20:02:03,I work in MGB and half the windows are boarded up.,-0.5720404386520386,Mount Gambier Airport,-37.7456,140.785,,,,,,
ODU,ODU_2446,2012-04-12 13:31:46,So who put this up in front of England?,-0.13976053893566132,England,52.16045,-0.70312,,,,,,
ODU,ODU_2514,2025-04-22 20:43:39,"Petition to save Sentara college Hey y’all, asking for a favor from one Hampton Roads college to another.",0.03986011818051338,Hampton Roads,36.97515,-76.34967,,,,,,
ODU,ODU_2528,2025-02-02 13:15:44,"Del vecchios on Hampton, then Cogans on colley.",0.001974574290215969,Hampton,41.78399,-72.0548,,,,,,
ODU,ODU_2528,2025-02-02 13:15:44,"Del vecchios on Hampton, then Cogans on colley.",0.001974574290215969,Colley,41.53452,-76.28632,,,,,,
ODU,ODU_2628,2024-08-20 12:32:00,"I walked over to FA in Rollins, they said they are pushing refunds through tonight",0.0035571372136473656,Rollins,42.37947,-88.06286,,,,,,
ODU,ODU_2765,2021-11-12 19:37:42,the organization is prostatsia which is a pro MAP organization that isn't recognized as a legitimate organization by the United States government.,-0.6681714653968811,United States,39.76,-98.5,,,,,,
ODU,ODU_2818,2025-10-01 09:07:27,"Easy A. Don’t be fooled though, if that syllabus pull really is his words, he’s right and we’re mostly fucked because the job market in America -is- going to inevitably change for humans due to ai advancement.",-0.5003741979598999,United States,39.76,-98.5,,,,,,
ODU,ODU_2993,2022-12-06 12:23:51,Nah that's just Norfolk in general,-0.04226180538535118,Territory of Norfolk Island,-29.03333,167.95,,,,,,
ODU,ODU_2996,2020-09-24 13:55:25,"If you live in Virginia and are struggling with substance use or if you know someone that is, we will send you a FREE opioid overdose reversal kit.",0.02492837980389595,Virginia,37.54812,-77.44675,,,,,,
ODU,ODU_3000,2020-09-24 13:55:25,"In 2018, there were 1,193 opioid-related overdose deaths­­ in Virginia.",-0.7514953017234802,Virginia,37.54812,-77.44675,,,,,,
ODU,ODU_3005,2020-09-24 13:55:25,We are willing to ship the supplies to anywhere in VIRGINIA.,0.19732189178466797,Virginia,37.54812,-77.44675,,,,,,
ODU,ODU_3043,2019-09-03 13:46:17,Welcome to Hampton Roads...,0.6720887422561646,Hampton Roads,36.97515,-76.34967,,,,,,
ODU,ODU_3066,2025-01-17 14:55:35,"If anyone lost a set of keys on a Seattle seahawks lanyard, I turned them in at the Batten Arts academic Advising desk I know this sub doesn't have a ton of members but figured I'd post just in case.",-0.02442711591720581,Seattle,47.60621,-122.33207,,,,,,
ODU,ODU_3070,2020-09-08 13:47:17,Maybe other parts of the world speak English differently than the United States.,-0.1293145716190338,Territories of the United States,35.27766,-102.35403,,,,,,
ODU,ODU_3204,2023-11-22 21:14:54,Dining Hall Rant So a lot of us are paying at least 3k a semester to eat Brod food.,-0.2483796626329422,Dining Hall,32.52386,-92.71407,,,,,,
ODU,ODU_3215,2023-11-22 22:23:38,only then are we at a five star restaurant in the city of norfolk,0.03619544580578804,Territory of Norfolk Island,-29.03333,167.95,,,,,,
ODU,ODU_3225,2023-11-25 19:24:18,fuck brod haha self made meals are the way to go,-0.06687866896390915,Makedonski Brod,41.51328,21.21641,,,,,,
ODU,ODU_3235,2023-11-22 23:19:34,"Cooking your own food is leagues better aswell, rice and eggs literally outranks everything put out from brod",0.7043201327323914,Slavonski Brod,45.16158,18.0163,,,,,,
ODU,ODU_3239,2023-10-31 15:00:26,"So for anyone unaware, people are critizising Israel for ""wanting the Palestine state to not exist.""",-0.40760841965675354,State of Israel,31.5,34.75,,,,,,
ODU,ODU_3239,2023-10-31 15:00:26,"So for anyone unaware, people are critizising Israel for ""wanting the Palestine state to not exist.""",-0.40760841965675354,Palestine,31.92157,35.20329,,,,,,
ODU,ODU_3242,2023-10-31 15:00:26,This phrase promotes the idea of eliminating Israel as a state completely.,-0.534785270690918,State of Israel,31.5,34.75,,,,,,
ODU,ODU_3254,2023-11-02 16:37:14,& - I hate that any support for Palestine = Siding with terrorist.,-0.9421490430831909,Palestine,31.92157,35.20329,,,,,,
ODU,ODU_3257,2023-11-02 16:37:14,"This reminds me of the months after 9/11 when it was America Good ,Muslims Bad.",-0.2739596366882324,United States,39.76,-98.5,,,,,,
ODU,ODU_3276,2023-11-01 09:06:45,"And for those confused as to what the phrase ""From the River to the Sea"" means, It's a call for the destruction of the state and people of Israel.",-0.6210885643959045,State of Israel,31.5,34.75,,,,,,
ODU,ODU_3280,2023-11-01 09:06:45,"Take some time to educate yourself about who exactly these so called ""Freedom Fighters"" are, and what they believe and teach [https://en.wikipedia.org/wiki/Hamas\_Charter#Relevance\_in\_the\_21st\_century](https://en.wikipedia.org/wiki/Hamas_Charter#Relevance_in_the_21st_century) I'm disgusted and disappointed that in 2023, 78 years after the Holocaust, we have to remind people that Yes, you can still be critical of Israel and not support the literal ethnic cleansing of Jews and Israelis.",-0.8472657799720764,State of Israel,31.5,34.75,,,,,,
ODU,ODU_3285,2023-11-30 01:29:54,"From the river to the sea Palestine will be free, and “Israelies” will reside in USA or Europe.",-0.019009198993444443,Palestine,31.92157,35.20329,,,,,,
ODU,ODU_3285,2023-11-30 01:29:54,"From the river to the sea Palestine will be free, and “Israelies” will reside in USA or Europe.",-0.019009198993444443,United States,39.76,-98.5,,,,,,
ODU,ODU_3285,2023-11-30 01:29:54,"From the river to the sea Palestine will be free, and “Israelies” will reside in USA or Europe.",-0.019009198993444443,Europe,48.69096,9.14062,,,,,,
ODU,ODU_3292,2023-12-02 07:49:31,Is what Israel doing not genocide?,-0.41698944568634033,State of Israel,31.5,34.75,,,,,,
ODU,ODU_3293,2023-10-31 17:13:11,The public opinion sphere of Israel/Palestine has been changing rapidly ever the course of a month.,-0.05783374235033989,State of Israel,31.5,34.75,,,,,,
ODU,ODU_3294,2023-10-31 17:13:11,I'm hopeful that the people who are saying stuff like this are still ignorant of the full complex scale shit show that is the middle east.,-0.8165411949157715,Al Bank al Brīţānī lish Sharq al Awsaţ,25.2643,55.29326,,,,,,
ODU,ODU_3296,2024-09-28 12:02:31,“from the river to the sea” was first employed by israel to want land across the entire middle east fucking pea brain,-0.6901358366012573,State of Israel,31.5,34.75,,,,,,
ODU,ODU_3296,2024-09-28 12:02:31,“from the river to the sea” was first employed by israel to want land across the entire middle east fucking pea brain,-0.6901358366012573,Middle East,33.13906,35.85869,,,,,,
ODU,ODU_3298,2023-10-31 20:05:24,"I'm calling out the phrase ""from river to the sea"" which calls for the complete annihilation of Israel.",-0.7070711255073547,State of Israel,31.5,34.75,,,,,,
ODU,ODU_3304,2023-11-01 02:00:32,""" I'm hopeful that the people who are saying stuff like this are still ignorant of the full complex scale shit show that is the middle east.""",-0.6567457914352417,Al Bank al Brīţānī lish Sharq al Awsaţ,25.2643,55.29326,,,,,,
ODU,ODU_3306,2023-11-01 02:00:32,The U.N./pretty much all countries that aren't the U.S. are opposed to what Israel is doing in Gaza.,-0.4171540141105652,United States,39.76,-98.5,,,,,,
ODU,ODU_3306,2023-11-01 02:00:32,The U.N./pretty much all countries that aren't the U.S. are opposed to what Israel is doing in Gaza.,-0.4171540141105652,State of Israel,31.5,34.75,,,,,,
ODU,ODU_3306,2023-11-01 02:00:32,The U.N./pretty much all countries that aren't the U.S. are opposed to what Israel is doing in Gaza.,-0.4171540141105652,Gaza,31.50161,34.46672,,,,,,
ODU,ODU_3308,2023-11-01 02:00:32,You do realize that Palestine existed before Israel right?,-0.08752512186765671,Palestine,31.92157,35.20329,,,,,,
ODU,ODU_3308,2023-11-01 02:00:32,You do realize that Palestine existed before Israel right?,-0.08752512186765671,State of Israel,31.5,34.75,,,,,,
ODU,ODU_3318,2023-10-31 20:51:50,"when we say free palestine, that means breaking the border and letting Palestinians live freely and go where they want in THIER COUNTRY.",-0.054675888270139694,Palestine,31.92157,35.20329,,,,,,
ODU,ODU_3326,2023-11-01 02:15:11,"Woah, someone who thinks Israel shouldn't genocide Gaza should certainly be fired.",-0.8006541728973389,State of Israel,31.5,34.75,,,,,,
ODU,ODU_3326,2023-11-01 02:15:11,"Woah, someone who thinks Israel shouldn't genocide Gaza should certainly be fired.",-0.8006541728973389,Gaza,31.50161,34.46672,,,,,,
ODU,ODU_3329,2023-11-01 02:15:11,"Now if anyone says anything against Israel's genocide, they're automatically antisemitic.",-0.8661257028579712,State of Israel,31.5,34.75,,,,,,
ODU,ODU_3331,2023-11-01 02:15:11,"All of the U.N. is against what's happening in Gaza, America is the only one who's allowing this, and they even recently said ""we do not support Israel killing civilians"" because of how bad it's getting.",-0.8683452606201172,Gaza,31.50161,34.46672,,,,,,
ODU,ODU_3331,2023-11-01 02:15:11,"All of the U.N. is against what's happening in Gaza, America is the only one who's allowing this, and they even recently said ""we do not support Israel killing civilians"" because of how bad it's getting.",-0.8683452606201172,United States,39.76,-98.5,,,,,,
ODU,ODU_3331,2023-11-01 02:15:11,"All of the U.N. is against what's happening in Gaza, America is the only one who's allowing this, and they even recently said ""we do not support Israel killing civilians"" because of how bad it's getting.",-0.8683452606201172,State of Israel,31.5,34.75,,,,,,
ODU,ODU_3335,2023-11-01 02:15:11,"If you don't understand the analogy in relation to the genocide in gaza, just stfu.",-0.7306427955627441,Gaza,31.50161,34.46672,,,,,,
ODU,ODU_3351,2023-10-31 21:00:15,"Most people today say ""one state solution"" meaning only Palestine or Israel as the one in the region.",-0.12644220888614655,Palestine,31.92157,35.20329,,,,,,
ODU,ODU_3351,2023-10-31 21:00:15,"Most people today say ""one state solution"" meaning only Palestine or Israel as the one in the region.",-0.12644220888614655,State of Israel,31.5,34.75,,,,,,
ODU,ODU_3354,2023-10-31 21:00:15,Meanwhile many Palestinian groups (Hamas and Hezbollah as an example) wish death on Israel.,-0.8012270927429199,State of Israel,31.5,34.75,,,,,,
ODU,ODU_3358,2023-10-31 21:00:15,"Then the Jewish migrations continued due to the Nazi's making them flee, then furthermore when the Muslim nations started to attack the native Jews forcing them to flee to Israel for safety.",-0.7060530185699463,State of Israel,31.5,34.75,,,,,,
ODU,ODU_3366,2023-11-01 09:30:37,"Over 90% of modern Arab Palestinians are descendants of Arab immigrants from other countries (Jordan, Syria, Lebanon, Egypt) in the 1800s-1900s.",-0.022031038999557495,Hashemite Kingdom of Jordan,31.0,36.0,,,,,,
ODU,ODU_3366,2023-11-01 09:30:37,"Over 90% of modern Arab Palestinians are descendants of Arab immigrants from other countries (Jordan, Syria, Lebanon, Egypt) in the 1800s-1900s.",-0.022031038999557495,Syrian Arab Republic,35.0,38.0,,,,,,
ODU,ODU_3366,2023-11-01 09:30:37,"Over 90% of modern Arab Palestinians are descendants of Arab immigrants from other countries (Jordan, Syria, Lebanon, Egypt) in the 1800s-1900s.",-0.022031038999557495,Lebanon,33.83333,35.83333,,,,,,
ODU,ODU_3366,2023-11-01 09:30:37,"Over 90% of modern Arab Palestinians are descendants of Arab immigrants from other countries (Jordan, Syria, Lebanon, Egypt) in the 1800s-1900s.",-0.022031038999557495,Arab Republic of Egypt,27.0,30.0,,,,,,
ODU,ODU_3369,2023-11-01 09:30:37,"Not in pre-Israel Palestine, and not in Arab majority countries either.",-0.32353919744491577,Palestine,31.92157,35.20329,,,,,,
ODU,ODU_3374,2024-04-04 10:47:38,"There are 3.5 mill mizrahi Jews in Israel, so about 40% of all Israelis that are Jews.",-0.04842837154865265,State of Israel,31.5,34.75,,,,,,
ODU,ODU_3381,2023-11-01 09:22:26,"When Hamas terrorists invaded Israel and slaughtered innocent civilians, they didn't target the ultra-religious orthodox Jews who believe in the ""chosen people"" idea.",-0.753788948059082,State of Israel,31.5,34.75,,,,,,
ODU,ODU_3393,2023-11-01 09:22:26,"So yes, the state of Israel has not only the right, but the obligation and duty to protect innocent people against genocidal jihadists.",-0.3715488910675049,State of Israel,31.5,34.75,,,,,,
ODU,ODU_3397,2023-11-01 09:22:26,Should Israel cease to exist?,-0.21841874718666077,State of Israel,31.5,34.75,,,,,,
ODU,ODU_3402,2023-11-01 09:22:26,Do you think the Nazis should of had immunity because they hid in Dresden?,-0.19094732403755188,Dresden,51.05089,13.73832,,,,,,
ODU,ODU_3405,2023-11-01 09:22:26,What would your country do in Israel's situation?,-0.03508871793746948,State of Israel,31.5,34.75,,,,,,
ODU,ODU_3409,2023-11-01 09:36:42,It’s not right to support hamas or the tension with Palestine the only correct thing is to push for piece between neighbors,-0.3777267634868622,Palestine,31.92157,35.20329,,,,,,
ODU,ODU_3414,2023-11-01 02:08:15,The main targets by Hamas were the settlements Israel kept building.,-0.5395207405090332,State of Israel,31.5,34.75,,,,,,
ODU,ODU_3416,2023-11-01 02:08:15,"If Palestine had an actual government & military, that's not what they would want.",-0.5819739103317261,Palestine,31.92157,35.20329,,,,,,
ODU,ODU_3421,2023-06-26 15:07:19,I am supposed to go to some room in Virginia beach and sit in a room while the professor zoom calls in.,-0.026855774223804474,Virginia,37.54812,-77.44675,,,,,,
ODU,ODU_3434,2022-04-24 16:48:22,"Firstly, they're both regional state schools, so the reputation will extend not much further than Virginia.",-0.19383586943149567,Virginia,37.54812,-77.44675,,,,,,
ODU,ODU_3443,2022-04-24 16:48:22,"if your family lives in VB, going to ODU is a lot cheaper than moving to Richmond or Fairfax and commuting back for holidays, etc.)",0.2821686863899231,Provincia Verbano-Cusio-Ossola,45.93333,8.55,,,,,,
ODU,ODU_3443,2022-04-24 16:48:22,"if your family lives in VB, going to ODU is a lot cheaper than moving to Richmond or Fairfax and commuting back for holidays, etc.)",0.2821686863899231,Richmond,37.55376,-77.46026,,,,,,
ODU,ODU_3443,2022-04-24 16:48:22,"if your family lives in VB, going to ODU is a lot cheaper than moving to Richmond or Fairfax and commuting back for holidays, etc.)",0.2821686863899231,Fairfax,38.84622,-77.30637,,,,,,
ODU,ODU_3446,2022-04-24 16:48:22,3) ODU gives you access to a beach environment; VCU is closer to DC and is more centrally located to mountain trails.,0.3549823760986328,District of Columbia,38.91706,-77.00025,,,,,,
ODU,ODU_3451,2022-04-24 18:04:51,I went to Old Dominion for undergrad and Virginia Commonwealth for my PhD.,0.002444405574351549,Virginia,37.54812,-77.44675,,,,,,
ODU,ODU_3451,2022-04-24 18:04:51,I went to Old Dominion for undergrad and Virginia Commonwealth for my PhD.,0.002444405574351549,Virginia,37.54812,-77.44675,,,,,,
ODU,ODU_3452,2022-04-24 18:04:51,"While the top schools in Virginia are definitely William and Mary, U.Va.",0.3677055835723877,Virginia,37.54812,-77.44675,,,,,,
ODU,ODU_3454,2022-04-24 18:04:51,"Your education is what you make of it, and you have to look at the quality of individual departments more than the US News & World Report rankings that everyone is fixated on every year.",-0.052211932837963104,United States,39.76,-98.5,,,,,,
ODU,ODU_3463,2022-04-24 16:50:58,"Of course, Norfolk is a city, and there are areas that are more prone to violence or crime than others.",-0.6230931878089905,Territory of Norfolk Island,-29.03333,167.95,,,,,,
ODU,ODU_3511,2020-09-15 01:37:42,"ODU’s COVID-19 cases triple in less than 2 weeks NORFOLK, Va. (WAVY) — Old Dominion University is reporting 51 cases of COVID-19 as of Monday morning.",-0.0069526368752121925,Norfolk,36.84681,-76.28522,,,,,,
ODU,ODU_3511,2020-09-15 01:37:42,"ODU’s COVID-19 cases triple in less than 2 weeks NORFOLK, Va. (WAVY) — Old Dominion University is reporting 51 cases of COVID-19 as of Monday morning.",-0.0069526368752121925,Estación Va. Calzada,-34.79668,-58.35914,,,,,,
ODU,ODU_3524,2020-09-15 19:30:22,[A previous Wavy article] (https://www.google.com/amp/s/www.wavy.com/news/local-news/norfolk/odu-covid-19-confirmed-cases-testing-updates/amp/) includes the COVID dashboards showing other Virginia university statistics.,0.003038709983229637,Virginia,37.54812,-77.44675,,,,,,
ODU,ODU_3582,2019-04-09 23:13:45,"A couple of other Virginia schools also have it I think, so ODU was probably just hoping on the trend.",-0.00259979534894228,Virginia,37.54812,-77.44675,,,,,,
ODU,ODU_3602,2015-08-26 22:56:23,By the Soccer Stadium entrance on 43rd,0.000410974258556962,Soccer stadium,50.42686,14.91628,,,,,,
ODU,ODU_3612,2012-07-26 22:14:27,"I figure some ideas would be just simple lunch/dinner at the caf [I could swipe in 3-4 people without meal plans], lunch/dinner in House of Blue or something, lunch/dinner in the Village or Del Vecchs, the first ODU AfterDark that Friday, or the Dance Party or Block Party that first Saturday.",0.026130814105272293,Village,51.44978,-0.08675,,,,,,
ODU,ODU_3659,2012-08-25 14:25:33,"Red Dog saloon in ghent has some killer happy hour specials on beer and if your not 21, the $.50 tacos are good on a college budget.",0.9682971239089966,Gent,51.05,3.71667,,,,,,
ODU,ODU_3691,2025-10-12 23:32:58,As of rn I have mostly A’s and B’s did some gpa and it says I have a gpa of 2.7 any luck getting in a college like ODU or VCU preferably ODU cuz of the fb team and they’re close to the beach NSU is fine so as VSU but I’m not all to interested but I’ll go if I have to.,0.16478754580020905,Odu,7.3533,4.63459,,,,,,
ODU,ODU_3696,2025-10-13 06:49:27,"You can get guaranteed admission to any public school in Virginia if you start off at community college and build a better gpa, but I think you’ve got a decent chance either way at ODU.",0.5575130581855774,Virginia,37.54812,-77.44675,,,,,,
ODU,ODU_3730,2025-10-15 16:36:35,Too many nights out on 46th street I guess.,-0.28344887495040894,46th Street Station,39.9584,-75.2134,,,,,,
ODU,ODU_3732,2025-10-13 07:53:39,"Lost my financial aid and years later saw a TikTok about southern New Hampshire university, stayed there for 2 years it was all online.",-0.1961216926574707,New Hampshire,43.66702,-71.4998,,,,,,
ODU,ODU_3761,2025-10-13 16:05:27,Located in Petersburg,0.005403418093919754,Saint Petersburg,59.93863,30.31413,,,,,,
ODU,ODU_3764,2025-05-03 23:24:56,"Lmao those are from the Brod, which also impresses me.",0.9082689881324768,Slavonski Brod,45.16158,18.0163,,,,,,
ODU,ODU_3768,2025-05-04 14:13:00,When you go to perry library go in the back that people forget exists,-0.18890100717544556,Perry Library,42.82472,-84.21889,,,,,,
ODU,ODU_3771,2025-04-08 12:42:55,He’s over by the 43rd and elkhorn garage.,0.006904947105795145,43rd Avenue East,15.58694,32.51311,,,,,,
ODU,ODU_3771,2025-04-08 12:42:55,He’s over by the 43rd and elkhorn garage.,0.006904947105795145,Elkhorn,42.67279,-88.54454,,,,,,
ODU,ODU_3790,2022-01-07 22:54:30,"But dam, this current wave is fucking huge in hampton roads.",-0.6955549716949463,Hampton,51.41334,-0.36701,,,,,,
ODU,ODU_3802,2022-01-08 16:01:43,"Just checked Covid rates, 18,000 cases in one day in VA.",-0.11645112186670303,Virginia,37.54812,-77.44675,,,,,,
ODU,ODU_3824,2019-12-15 13:08:27,Almost hit this dumbass on Hampton Blvd,-0.9246340990066528,Hampton Stes Jax-Southside Blvd,30.2653,-81.558,,,,,,
ODU,ODU_3832,2016-03-31 08:52:59,ODU wins Vegas 16 tournament title with win over Oakland,0.37561121582984924,Las Vegas,36.17497,-115.13722,,,,,,
ODU,ODU_3832,2016-03-31 08:52:59,ODU wins Vegas 16 tournament title with win over Oakland,0.37561121582984924,Oakland,37.80437,-122.2708,,,,,,
ODU,ODU_3846,2014-08-29 20:43:57,Riding a bike is frustrating around the library and kaufman.,-0.8210513591766357,Kaufman County,32.5993,-96.2878,,,,,,
ODU,ODU_3860,2025-10-24 08:52:33,Edit: Just wanted to point out I live around Richmond so I’m not familiar with the area of the school.,-0.24527375400066376,Richmond,37.55376,-77.46026,,,,,,
ODU,ODU_3861,2025-10-24 08:52:33,"I’m also a woman but I grew up in quite sketchy areas (outside of US) so I know how to avoid trouble, regarding many people pointing safety concerns.",-0.033469535410404205,United States,39.76,-98.5,,,,,,
ODU,ODU_3870,2025-10-24 13:46:02,Norfolk has a great food scene.,0.9544305801391602,Territory of Norfolk Island,-29.03333,167.95,,,,,,
ODU,ODU_3895,2025-10-25 10:09:08,"I went to Hampton for undergrad and ODU for grad school, and I loved both, especially living in Norfolk.",0.9623414874076843,Norfolk,36.84681,-76.28522,,,,,,
ODU,ODU_3896,2025-10-25 10:09:08,Tidewater Virginia is my favorite place.,0.9692482948303223,Tidewater,37.85514,-76.69857,,,,,,
ODU,ODU_3896,2025-10-25 10:09:08,Tidewater Virginia is my favorite place.,0.9692482948303223,Virginia,37.54812,-77.44675,,,,,,
ODU,ODU_3898,2025-10-25 10:09:08,"ODU is incredibly diverse, and for the quality of learning you get, I do not think there is a better value in Virginia and you're in the greatest city in the US.",0.5053621530532837,Virginia,37.54812,-77.44675,,,,,,
ODU,ODU_3898,2025-10-25 10:09:08,"ODU is incredibly diverse, and for the quality of learning you get, I do not think there is a better value in Virginia and you're in the greatest city in the US.",0.5053621530532837,United States,39.76,-98.5,,,,,,
ODU,ODU_3924,2025-10-24 12:37:26,"It isnt the best place for a woman to walk at night, but compared to vcu, it is safe(r).",0.12363581359386444,VCU Massey Cancer Center,37.53926,-77.42868,,,,,,
ODU,ODU_3927,2025-10-24 12:37:26,"I used to walk there from powhatan every other week, i would highly reccomend getting/renting a bike",0.4211260974407196,Powhatan,37.54209,-77.91889,,,,,,
ODU,ODU_3928,2025-10-24 13:01:18,calling norfolk a food desert is crazy,-0.4420013427734375,Territory of Norfolk Island,-29.03333,167.95,,,,,,
ODU,ODU_3939,2025-10-24 09:55:13,I’ve heard great things about the quad but mixed reviews about villages and everywhere else.,0.2981928884983063,Quad,40.77078,-111.75827,,,,,,
ODU,ODU_3940,2025-10-24 09:55:13,Living in Gresham is not the best but not the worst.,-0.39361193776130676,Gresham,51.51553,-0.17025,,,,,,
ODU,ODU_3960,2025-10-24 16:20:13,"The Quad is also in the perfect spot on campus imo, you're right by the Webb and the Rec Center, there are events held just outside your door sometimes, and you're max 10 minute away from your classes.",0.8369993567466736,Quad,40.77078,-111.75827,,,,,,
ODU,ODU_3960,2025-10-24 16:20:13,"The Quad is also in the perfect spot on campus imo, you're right by the Webb and the Rec Center, there are events held just outside your door sometimes, and you're max 10 minute away from your classes.",0.8369993567466736,Webb County,27.76106,-99.33157,,,,,,
ODU,ODU_4063,2025-04-26 13:58:53,"There's many many student groups, and oftentimes on the corkboards around Webb or some other buildings there will be posters of current and upcoming events to go to, or clubs to join.",0.09991934895515442,Webb,27.79251,-99.42281,,,,,,
ODU,ODU_4095,2025-04-24 20:30:09,One of the best airsoft fields in the country is in Chesapeake (Ballahack Airsoft).,0.958087146282196,Chesapeake,36.81904,-76.27494,,,,,,
ODU,ODU_4155,2018-08-09 20:14:59,DO NOT LIVE IN POWHATAN APARTMENTS I just finished a summer internship for a subcontractor running network cables and hanging Wireless Access Points all across campus.,-0.283814936876297,Powhatan,37.54209,-77.91889,,,,,,
ODU,ODU_4156,2018-08-09 20:14:59,"While running cables in Powhatan, i saw some of the most disgusting shit that I can’t believe they’re housing students in.",-0.9393916130065918,Powhatan,37.54209,-77.91889,,,,,,
ODU,ODU_4167,2018-08-09 22:18:19,I currently live in the village and had friends in Powhatan and the quad.,0.04933405667543411,Powhatan,37.54209,-77.91889,,,,,,
ODU,ODU_4168,2018-08-09 22:18:19,The village is a bit more expensive but I have had almost no issues compared to Powhatan.,0.15555138885974884,Powhatan,37.54209,-77.91889,,,,,,
ODU,ODU_4169,2018-08-09 22:18:19,"If you live in the quad like dominion, it’s super nice, newer, and a lot closer to classes.",0.9375099539756775,Dominion,29.65689,-98.61641,,,,,,
ODU,ODU_4180,2018-08-27 17:13:35,Just moved in to powhatan and found a roach amd ac is leaking.,-0.585095226764679,Powhatan,37.54209,-77.91889,,,,,,
ODU,ODU_4261,2024-09-15 06:47:18,It was on 37th Street in lamberts point,0.0006690751761198044,37th Street Station,39.9514,-75.1975,,,,,,
ODU,ODU_4261,2024-09-15 06:47:18,It was on 37th Street in lamberts point,0.0006690751761198044,Lamberts Point,36.87543,-76.32744,,,,,,
ODU,ODU_4265,2024-09-15 10:05:59,"Lambert’s Point was a bad neighborhood 30 years ago when I went to ODU,…",-0.6165652871131897,Lamberts Point,36.87543,-76.32744,,,,,,
ODU,ODU_4268,2024-09-15 15:50:23,The police don’t give a shit Norfolk and ODU.,-0.7986494302749634,Norfolk,42.03417,-97.41339,,,,,,
ODU,ODU_4293,2024-08-20 12:31:22,"I walked over to FA in Rollins, they said they are pushing refunds through tonight",0.0035571372136473656,Rollins,42.37947,-88.06286,,,,,,
ODU,ODU_4318,2024-08-20 12:45:46,Go to the cashiers office in the back of the financial aid office in Rollins and ask them to process it.,-0.0037690605968236923,Rollins,42.37947,-88.06286,,,,,,
ODU,ODU_4320,2024-08-20 18:35:42,"My account went to zero today and I got the email, hopefully my deposit is in the morning, but I did walk over to Rollins today so maybe that helped",0.1807422935962677,Rollins,42.37947,-88.06286,,,,,,
ODU,ODU_4345,2024-08-20 12:33:02,"I walked over to FA in Rollins, they said they are pushing refunds through tonight",0.0035571372136473656,Rollins,42.37947,-88.06286,,,,,,
ODU,ODU_4410,2021-09-02 16:43:25,i don’t go to odu but i do go to tcc so im around the area!,0.05783053860068321,Odu,7.3533,4.63459,,,,,,
ODU,ODU_4432,2021-01-03 10:21:16,Old Dominion to hold remote classes in first 2 weeks of spring due to COVID,-0.0019220375688746572,Virginia,37.54812,-77.44675,,,,,,
ODU,ODU_4457,2020-02-24 12:46:51,Attending college or university outside of your home residence in Virginia is the #1 reason for voting absentee!!,0.10030411928892136,Virginia,37.54812,-77.44675,,,,,,
ODU,ODU_4467,2016-06-08 08:05:43,ODU gets largest donation in school history — $35 million — for new art museum [x-post /r/norfolk],0.5144119262695312,New Museum of Contemporary Art,40.72234,-73.99289,,,,,,
ODU,ODU_4468,2015-10-20 11:48:30,Old Dominion Researchers Are Part of First North Pole Expedition in 10 Years,0.00108246726449579,Virginia,37.54812,-77.44675,,,,,,
ODU,ODU_4468,2015-10-20 11:48:30,Old Dominion Researchers Are Part of First North Pole Expedition in 10 Years,0.00108246726449579,North Pole,90.0,0.0,,,,,,
ODU,ODU_4534,2025-10-16 11:03:52,No one from odu informed me.,-0.19316259026527405,Odu,7.3533,4.63459,,,,,,
ODU,ODU_4548,2025-10-23 16:54:29,(Higher Education Center in Virginia Beach and Tri-Cities Higher Education Center in Portsmouth no longer provide proctoring services since mid Summer semester).,-0.24776314198970795,Virginia Beach,36.85293,-75.97799,,,,,,
ODU,ODU_4548,2025-10-23 16:54:29,(Higher Education Center in Virginia Beach and Tri-Cities Higher Education Center in Portsmouth no longer provide proctoring services since mid Summer semester).,-0.24776314198970795,Portsmouth,36.83543,-76.29827,,,,,,
ODU,ODU_4624,2025-10-14 18:07:11,It was hell on Earth.,-0.7772740125656128,Earth,0.0,0.0,,,,,,
ODU,ODU_4716,2025-01-19 18:19:52,"As an undergrad on a cold January day, I moved on 43rd in a run down sketchy shack that has since been torn down.",-0.2745719850063324,43rd Avenue East,15.58694,32.51311,,,,,,
ODU,ODU_4979,2022-10-19 12:15:53,I live at the VB oceanfront.,0.00954286940395832,Provincia Verbano-Cusio-Ossola,45.93333,8.55,,,,,,
ODU,ODU_4993,2022-10-20 11:16:04,"Dang that sucks, I only commute from Portsmouth and this would make me mad being stood up like this I feel like some of those in academia don’t understand how their students can have real lives outside of college",-0.9228719472885132,Portsmouth,50.79899,-1.09125,,,,,,
ODU,ODU_5041,2022-09-14 03:54:27,Like bigger than the confederate flag that use to fly in fredrickberg off 95.,-0.09766044467687607,Interchange 95,39.9734,-83.08185,,,,,,
ODU,ODU_5057,2022-09-14 10:44:45,Virginia doesn’t care.,-0.2804611325263977,Virginia,37.54812,-77.44675,,,,,,
ODU,ODU_5084,2022-03-17 16:36:45,ODU launching first four-year Manufacturing Engineering Technology Degree in Virginia,0.004405613988637924,Virginia,37.54812,-77.44675,,,,,,
ODU,ODU_5106,2021-08-11 16:39:10,The guides were awesome and gave us a tour of the OAP and all they had to offer.,0.9689252376556396,Bản Đap Tong,21.48333,103.83333,,,,,,
ODU,ODU_5162,2012-10-16 17:24:24,ODU Football to play at North Carolina and UMD in 2013.,-0.00045222017797641456,North Carolina,35.50069,-80.00032,,,,,,
ODU,ODU_5167,2025-03-19 20:04:18,I’ll say I absolutely feel in love with Norfolk and I grew love economics more while studying at ODU.,0.9671952128410339,Norfolk,42.03417,-97.41339,,,,,,
ODU,ODU_5179,2025-03-20 10:30:15,I love the atmosphere and area a lot down here in Norfolk.,0.9767052531242371,Territory of Norfolk Island,-29.03333,167.95,,,,,,
ODU,ODU_5210,2025-03-20 19:39:13,I grew up in VB.,0.010751942172646523,Provincia Verbano-Cusio-Ossola,45.93333,8.55,,,,,,
ODU,ODU_5211,2025-03-20 19:39:13,JMU is not my atmosphere I realized anyway.,-0.3660795986652374,Jiamusi Airport,46.8434,130.465,,,,,,
ODU,ODU_5229,2025-03-21 08:48:00,What they won't tell you is Virginia tech has really poor career management programs for students.,-0.8002463579177856,Virginia,37.54812,-77.44675,,,,,,
ODU,ODU_5230,2025-03-21 08:48:00,They just believe their name Virginia tech is enough for students to be successful.,0.16357950866222382,Virginia,37.54812,-77.44675,,,,,,
ODU,ODU_5231,2025-03-21 08:48:00,"A lot of major employees around the Hampton roads area, Northern Virginia and DC Love ODU grads.",0.7507509589195251,Hampton,37.02987,-76.34522,,,,,,
ODU,ODU_5231,2025-03-21 08:48:00,"A lot of major employees around the Hampton roads area, Northern Virginia and DC Love ODU grads.",0.7507509589195251,Northern Virginia,38.73074,-77.71193,,,,,,
ODU,ODU_5231,2025-03-21 08:48:00,"A lot of major employees around the Hampton roads area, Northern Virginia and DC Love ODU grads.",0.7507509589195251,District of Columbia,38.91706,-77.00025,,,,,,
ODU,ODU_5233,2025-03-21 08:48:00,The last time I was in DC just walking around with my fiance I saw a lot of silver and blue ODU attire when I was there.,0.06737254559993744,District of Columbia,38.91706,-77.00025,,,,,,
ODU,ODU_5234,2025-03-21 08:48:03,"Well, VCU is kind of an outlier, the campus stretches from one end of Richmond to the other and includes a massive hospital system.",-0.039989080280065536,Richmond,37.55376,-77.46026,,,,,,
ODU,ODU_5239,2025-03-21 08:48:03,"My niece is at Longwood and nobody locks their bikes up there, our bike was stolen in the first few days at Old Dominion WITH a lock and an AirTag.",-0.44740262627601624,Longwood,39.89937,-82.81224,,,,,,
ODU,ODU_5239,2025-03-21 08:48:03,"My niece is at Longwood and nobody locks their bikes up there, our bike was stolen in the first few days at Old Dominion WITH a lock and an AirTag.",-0.44740262627601624,Virginia,37.54812,-77.44675,,,,,,
ODU,ODU_5274,2025-02-02 02:52:50,Webb Center is generally a good spot to meet people.,0.8949325084686279,Webb Center,47.3151,-122.31318,,,,,,
ODU,ODU_5284,2025-02-02 15:23:19,"Being from NoVa I personally hated Norfolk, but I like Richmond so it depends on those factors.",-0.30222102999687195,Nova,39.73176,-77.81944,,,,,,
ODU,ODU_5284,2025-02-02 15:23:19,"Being from NoVa I personally hated Norfolk, but I like Richmond so it depends on those factors.",-0.30222102999687195,Norfolk,36.84681,-76.28522,,,,,,
ODU,ODU_5284,2025-02-02 15:23:19,"Being from NoVa I personally hated Norfolk, but I like Richmond so it depends on those factors.",-0.30222102999687195,Richmond,37.55376,-77.46026,,,,,,
ODU,ODU_5289,2025-02-02 11:31:27,I would not choose GMU over ODU unless I lived in nova and same for ODU over GMU - only if you live in hampton roads.,-0.22230418026447296,Nova,39.73176,-77.81944,,,,,,
ODU,ODU_5289,2025-02-02 11:31:27,I would not choose GMU over ODU unless I lived in nova and same for ODU over GMU - only if you live in hampton roads.,-0.22230418026447296,Hampton Roads,36.97515,-76.34967,,,,,,
ODU,ODU_5293,2025-02-02 11:31:27,VCU and ODU are urban and GMU is in the suburbs but a metro ride away from DC.,0.003274760441854596,District of Columbia,38.91706,-77.00025,,,,,,
ODU,ODU_5294,2025-02-02 11:31:27,"DC >> Richmond >> Norfolk, but Norfolk has a beach.",0.029937339946627617,District of Columbia,38.91706,-77.00025,,,,,,
ODU,ODU_5294,2025-02-02 11:31:27,"DC >> Richmond >> Norfolk, but Norfolk has a beach.",0.029937339946627617,Richmond,25.61761,-80.4145,,,,,,
ODU,ODU_5294,2025-02-02 11:31:27,"DC >> Richmond >> Norfolk, but Norfolk has a beach.",0.029937339946627617,Territory of Norfolk Island,-29.03333,167.95,,,,,,
ODU,ODU_5294,2025-02-02 11:31:27,"DC >> Richmond >> Norfolk, but Norfolk has a beach.",0.029937339946627617,Territory of Norfolk Island,-29.03333,167.95,,,,,,
ODU,ODU_5307,2025-02-02 18:54:15,"I am from Richmond and I chose ODU over VCU because I wanted a real ""college experience"" with football and a closed off campus, because it was less expensive, and because it always seemed to me growing up that you had to be super artsy to fit in at VCU because it definitely has a reputation of being more of an arts school.",0.42751121520996094,Richmond,37.55376,-77.46026,,,,,,
ODU,ODU_5311,2025-02-03 13:31:31,"I know very little about the other two options, but I will say that Richmond is a cool town if you like city life.",0.8500308394432068,Richmond,37.55376,-77.46026,,,,,,
ODU,ODU_5330,2025-02-02 18:58:59,"As someone who grew up in Richmond very close to VCU's campus but went to ODU, I strongly disagree that VCU is the ""most traditional college experience.""",-0.4283004403114319,Richmond,37.55376,-77.46026,,,,,,
ODU,ODU_5332,2025-02-02 18:58:59,"VCU's campus is completely integrated into downtown Richmond, it has no lawn or campus feel.",0.1810927391052246,Richmond,37.55376,-77.46026,,,,,,
ODU,ODU_5542,2021-09-02 16:44:16,"i don’t go to odu but i do go to tcc so i’m in the area, message me!",0.03619901463389397,Odu,7.3533,4.63459,,,,,,
ODU,ODU_5549,2021-08-27 19:39:51,"It'll be on the lawn in front of Webb Center on Thursday, Sept 2.",0.0037583408411592245,Webb Center,47.3151,-122.31318,,,,,,
ODU,ODU_5557,2020-10-15 21:49:38,&nbsp; Have a valid Virginia DMV driver's license or state ID card.,0.022370073944330215,Virginia,37.54812,-77.44675,,,,,,
ODU,ODU_5558,2020-10-15 21:49:38,Be a citizen of the United States.,0.006226310972124338,Territories of the United States,35.27766,-102.35403,,,,,,
ODU,ODU_5559,2020-10-15 21:49:38,Be a resident of Virginia.,0.00453767366707325,Virginia,37.54812,-77.44675,,,,,,
ODU,ODU_5618,2020-07-21 08:40:06,I would be staying in england (personally i think it’s the best and i don’t want to give it up) or i could stay home but ugh that’s lame.,0.0297223087400198,England,52.16045,-0.70312,,,,,,
ODU,ODU_5659,2020-07-21 10:02:33,I can't remember if England is the one where everyone gets their own room.,-0.16054606437683105,England,52.16045,-0.70312,,,,,,
ODU,ODU_5666,2020-07-21 10:49:47,England house has 2 people sharing a room with a private bathroom.,-0.009453116916120052,England,52.16045,-0.70312,,,,,,
ODU,ODU_5669,2020-07-22 09:13:49,Tidewater is rapidly becoming Virginia's big hot spot.,0.32478293776512146,Virginia,37.54812,-77.44675,,,,,,
ODU,ODU_5670,2020-07-22 09:13:49,"Northern Virginia, where I live, went through this earlier and didn't re-open with the rest of the state because of it.",-0.5531744360923767,Northern Virginia,38.73074,-77.71193,,,,,,
ODU,ODU_5671,2020-07-22 09:13:49,Hampton and Norfolk just [received letters from the governor](https://www.13newsnow.com/article/news/local/mycity/hampton/hampton-norfolk-receive-letters-from-gov-northam-requesting-their-plan-to-lower-covid-19-infections/291-7caa0989-6197-4f73-904c-4cbf77c67dc1) asking how they intend to get their outbreaks under control.,-0.029896818101406097,Hampton,41.78399,-72.0548,,,,,,
ODU,ODU_5671,2020-07-22 09:13:49,Hampton and Norfolk just [received letters from the governor](https://www.13newsnow.com/article/news/local/mycity/hampton/hampton-norfolk-receive-letters-from-gov-northam-requesting-their-plan-to-lower-covid-19-infections/291-7caa0989-6197-4f73-904c-4cbf77c67dc1) asking how they intend to get their outbreaks under control.,-0.029896818101406097,Norfolk,42.03417,-97.41339,,,,,,
ODU,ODU_5671,2020-07-22 09:13:49,Hampton and Norfolk just [received letters from the governor](https://www.13newsnow.com/article/news/local/mycity/hampton/hampton-norfolk-receive-letters-from-gov-northam-requesting-their-plan-to-lower-covid-19-infections/291-7caa0989-6197-4f73-904c-4cbf77c67dc1) asking how they intend to get their outbreaks under control.,-0.029896818101406097,Hampton,41.78399,-72.0548,,,,,,
ODU,ODU_5671,2020-07-22 09:13:49,Hampton and Norfolk just [received letters from the governor](https://www.13newsnow.com/article/news/local/mycity/hampton/hampton-norfolk-receive-letters-from-gov-northam-requesting-their-plan-to-lower-covid-19-infections/291-7caa0989-6197-4f73-904c-4cbf77c67dc1) asking how they intend to get their outbreaks under control.,-0.029896818101406097,Norfolk,42.03417,-97.41339,,,,,,
ODU,ODU_5672,2020-07-22 09:13:49,"Norfolk going back to phase 2 will scuttle ODU's re-opening plan, and I put the odds of that happening at better than 50-50.",-0.07920749485492706,Norfolk,42.03417,-97.41339,,,,,,
ODU,ODU_5821,2015-04-16 23:30:44,But especially ODU,-0.008184892125427723,Odu,7.3533,4.63459,,,,,,
